batter,name,total,diff,type1,type2,runs,type2_ratio,rank
518735,"Grandal, Yasmani",1121,-29.380491652757847,35,60,5.856367349521947,5.352363960749331,1
547180,"Harper, Bryce",1185,-27.751125236270966,27,61,5.203683510377025,5.147679324894515,2
502054,"Pham, Tommy",1401,-12.519406144770175,38,86,4.962158577212756,6.138472519628837,3
663993,"Lowe, Nathaniel",1441,-23.195205056986794,43,60,4.3832374928927385,4.163775156141568,4
643393,"Kemp, Tony",832,-26.378840319558,30,60,4.359210845313204,7.211538461538461,5
543257,"Grossman, Robbie",1673,-14.029738587981997,31,135,4.280312474278816,8.069336521219366,6
663697,"India, Jonathan",1529,-22.590623867623865,54,90,4.201968591248988,5.886200130804448,7
592663,"Realmuto, J. T.",978,-23.52614669454954,25,53,4.194430761564359,5.419222903885481,8
458731,"Gardner, Brett",1264,-28.637087518742742,28,76,4.101041404238146,6.012658227848101,9
650490,"Díaz, Yandy",1153,-22.228800641018196,30,69,3.7250165406058424,5.9843885516045106,10
641487,"Crawford, J. P.",1517,-20.7680769226355,53,77,3.7010545253887237,5.075807514831905,11
643265,"Cooper, Garrett",518,-14.645607655165566,16,31,3.1954767777123245,5.984555984555985,12
543068,"Cron, C. J.",1101,-17.369289762548156,31,68,3.1431431816885254,6.176203451407812,13
514888,"Altuve, Jose",1427,-16.18037615119636,30,119,3.1357098736043216,8.33917309039944,14
516416,"Segura, Jean",1064,-25.835798728883926,27,76,2.8499115892586673,7.142857142857142,15
605141,"Betts, Mookie",1385,-15.951996639139711,32,99,2.766368870360394,7.148014440433213,16
621566,"Olson, Matt",1383,-11.84355552918507,32,69,2.735755695676978,4.989154013015185,17
650333,"Arraez, Luis",1076,-17.340330951682525,33,77,2.6658334950735934,7.156133828996282,18
643217,"Benintendi, Andrew",926,-17.13531924176473,24,38,2.6184089773904446,4.103671706263499,19
645277,"Albies, Ozzie",1184,-24.036622994993103,18,60,2.6102840592963807,5.0675675675675675,20
656555,"Hoskins, Rhys",998,-19.98761388178872,33,48,2.6054342107147197,4.809619238476954,21
641820,"Mancini, Trey",1238,-10.833548539850257,34,73,2.560161158381252,5.896607431340872,22
572287,"Zunino, Mike",770,-12.806758961231239,27,42,2.4943402167220396,5.454545454545454,23
518692,"Freeman, Freddie",1382,-19.490786120575805,42,79,2.424872965307305,5.716353111432706,24
575929,"Contreras, Willson",1013,-13.805275409569802,26,66,2.3416788607100547,6.515301085883514,25
571970,"Muncy, Max",1427,-13.363510246488953,44,99,2.1972219491227705,6.937631394533987,26
664702,"Straw, Myles",1526,-10.794850694606113,42,84,2.16576231910714,5.5045871559633035,27
645302,"Robles, Victor",676,-9.69755082729074,22,35,2.161585747238099,5.177514792899409,28
605137,"Bell, Josh",1089,-8.84361968884721,22,82,2.1454288333360583,7.529843893480257,29
542932,"Berti, Jon",624,-15.29389399902524,27,36,2.12445166861239,5.769230769230769,30
500743,"Rojas, Miguel",1031,-19.584885075888767,28,63,2.116534195945861,6.110572259941804,31
592450,"Judge, Aaron",1431,-13.665163873499298,40,128,2.101368461614292,8.944793850454227,32
642715,"Adames, Willy",1119,-3.250780619888658,24,65,2.03576237581533,5.808757819481681,33
543939,"Wong, Kolten",952,-16.626614051789243,38,55,2.0102209935728848,5.777310924369748,34
467793,"Santana, Carlos",1448,-13.921456667191727,45,72,2.0090779374854173,4.972375690607735,35
665742,"Soto, Juan",1603,-7.704132727841814,38,104,1.9895154530681134,6.487835308796007,36
476704,"Lowrie, Jed",1021,-18.41146984442011,32,51,1.9846149372058945,4.995102840352596,37
571745,"Haniger, Mitch",1414,-16.01517493136506,33,71,1.9820600104993629,5.021216407355021,38
656775,"Mullins, Cedric",1341,-14.787208075823198,35,56,1.974300360690696,4.175988068605518,39
649966,"Urias, Luis",1162,-10.267088594218162,30,78,1.9496453749273674,6.712564543889846,40
656371,"Diaz, Isan",572,-7.362556477758736,22,30,1.946509401565409,5.244755244755245,41
650402,"Torres, Gleyber",1064,-10.367224859311566,27,54,1.9299267931288469,5.075187969924812,42
457763,"Posey, Buster",951,-15.32089614131904,16,56,1.8890671628852422,5.888538380651945,43
544725,"Garcia, Leury",771,-14.852813538035837,14,30,1.88712811398354,3.8910505836575875,44
608348,"Kelly, Carson",814,-3.2190767102714277,17,65,1.8367351017554956,7.985257985257984,45
542583,"Aguilar, Jesus",1066,-22.997935413325198,28,67,1.8001325862610085,6.285178236397748,46
457705,"McCutchen, Andrew",1281,-18.48674361275101,33,82,1.6945682670195337,6.401249024199844,47
608369,"Seager, Corey",695,-7.0972832613910874,22,28,1.683881613060246,4.028776978417266,48
452678,"Cabrera, Asdrubal",655,-9.401228535821433,12,32,1.6744864638004777,4.885496183206107,49
456715,"Cain, Lorenzo",632,-5.986708136248369,22,28,1.6602847423043405,4.430379746835443,50
500871,"Escobar, Eduardo",1179,-15.683890118582466,34,89,1.5913774312623126,7.548770144189991,51
664058,"Fletcher, David",1144,-7.096028325812354,18,63,1.5856565612375193,5.5069930069930075,52
518626,"Donaldson, Josh",1083,-14.55403924846029,21,61,1.55621098067748,5.632502308402586,53
596059,"Odor, Rougned",625,-12.802797793130761,14,41,1.5263030095775423,6.5600000000000005,54
544369,"Gregorius, Didi",677,-7.866570195270025,13,31,1.4978391287344002,4.579025110782865,55
543510,"McCann, James",770,-10.579212136373068,15,42,1.4830176721532706,5.454545454545454,56
543063,"Crawford, Brandon",987,-3.831072224366045,22,66,1.4826875685921792,6.68693009118541,57
628450,"Hernández, Yadiel",562,-9.169459592447831,13,41,1.474526282095881,7.295373665480427,58
592567,"Moran, Colin",654,-1.6152147153807836,17,48,1.444662153445912,7.339449541284404,59
457759,"Turner, Justin",1347,-15.318622238096617,39,89,1.3529205852703097,6.607275426874535,60
571466,"Barnhart, Tucker",701,-8.448420888493509,19,45,1.3505496706665765,6.419400855920114,61
624413,"Alonso, Pete",1087,-10.023772953660766,29,57,1.3370876207088747,5.243790248390065,62
596847,"Choi, Ji-Man",706,-1.666866497574519,19,55,1.3200231433766596,7.790368271954675,63
668804,"Reynolds, Bryan",1186,-7.360561131563799,34,84,1.318116990995812,7.082630691399664,64
662139,"Varsho, Daulton",559,-2.379874909560974,14,26,1.3067262317976371,4.651162790697675,65
519390,"Vogt, Stephen",524,-3.4703822327375446,12,29,1.2965322642487649,5.534351145038168,66
543807,"Springer, George",689,-6.310709750182834,20,37,1.2597747228840754,5.370101596516691,67
642721,"Gutierrez, Kelvin",613,2.1109168125682247,13,48,1.241970321283235,7.830342577487764,68
592206,"Castellanos, Nick",889,-8.034884165837312,15,44,1.2100058500035056,4.949381327334083,69
608596,"Murphy, Tom",701,-1.2218242267285524,6,44,1.1972409149673946,6.276747503566334,70
443558,"Cruz, Nelson",1018,-7.719136019432514,27,39,1.1888082598146694,3.831041257367387,71
664040,"Lowe, Brandon",1079,-3.9455473246974875,25,66,1.1644708486478943,6.116774791473587,72
669221,"Murphy, Sean",836,-3.3642509624187347,16,59,1.1367174378357614,7.057416267942583,73
624585,"Soler, Jorge",1331,-6.567338523098039,28,76,1.1346977340710598,5.709992486851991,74
553882,"Narvaez, Omar",740,-9.682347978545678,23,37,1.1240963342503425,5,75
600303,"La Stella, Tommy",640,-4.9014754713444075,24,37,1.104670409311465,5.78125,76
572761,"Carpenter, Matt",657,-5.212541390556172,9,44,1.0852227360838704,6.69710806697108,77
547989,"Abreu, José",1275,2.525627780764324,34,69,1.0744961489710747,5.411764705882352,78
624513,"Nunez, Dom",635,-0.742118409786165,15,40,1.029705271975207,6.299212598425196,79
596146,"Kepler, Max",982,-12.666427645304735,27,43,1.029228563729552,4.378818737270876,80
519317,"Stanton, Giancarlo",1301,-9.444142498152278,34,70,1.025019521381089,5.380476556495004,81
592325,"Gamel, Ben",849,-7.841697588852837,20,44,1.0208089682752821,5.1825677267373385,82
594809,"Eaton, Adam",583,-9.887356629954128,10,39,1.000880780462574,6.689536878216123,83
543877,"Vazquez, Christian",1031,-0.9002643499122177,17,75,0.9891649164375114,7.274490785645005,84
543768,"Shaw, Travis",547,-1.409323346924558,17,20,0.9832995071069864,3.656307129798903,85
608336,"Gallo, Joey",1473,-12.287630838060384,57,74,0.9812908103257073,5.0237610319076715,86
605170,"Caratini, Victor",693,-5.897986849978101,15,35,0.9535892967123577,5.05050505050505,87
628338,"Heredia, Guillermo",630,-5.437025253917917,17,52,0.9513437023629355,8.253968253968253,88
602104,"Urias, Ramon",666,-1.8416377250562872,9,46,0.9405469001190095,6.906906906906906,89
656305,"Chapman, Matt",1421,-8.024115341114765,37,77,0.9256523206623041,5.41871921182266,90
553869,"Diaz, Elias",592,-5.058288003117578,15,37,0.9152405126516363,6.25,91
570482,"Urshela, Gio",747,-8.342537196180835,11,34,0.9023439954391019,4.551539491298527,92
475582,"Zimmerman, Ryan",575,-1.432305703328417,16,33,0.9006440575047077,5.739130434782608,93
614177,"Reyes, Franmil",1016,-7.2406385363355525,22,61,0.8930195235671513,6.003937007874016,94
520471,"Galvis, Freddy",759,-1.1019547258869085,26,38,0.8752276457095678,5.006587615283268,95
665489,"Guerrero, Vladimir",1245,-11.04579070890494,31,66,0.8698572617286844,5.301204819277109,96
595777,"Profar, Jurickson",938,-2.3679069157357913,25,59,0.8603328514794504,6.28997867803838,97
592743,"Simmons, Andrelton",868,-10.021401612357476,22,57,0.8402890227869159,6.566820276497695,98
573262,"Yastrzemski, Mike",1104,-2.6467265164441467,24,56,0.8351154158993536,5.072463768115942,99
596115,"Story, Trevor",1102,-7.065410575078417,24,56,0.8133833206934249,5.081669691470054,100
641343,"Bauers, Jake",614,-3.3098280209049067,15,28,0.7348186662731088,4.5602605863192185,101
457708,"Upton, Justin",784,1.510156556289986,22,47,0.7281051971503142,5.994897959183673,102
621466,"Stewart, DJ",669,-8.986546609409553,17,38,0.7266294188424931,5.680119581464873,103
641857,"McMahon, Ryan",1171,-2.1462051072625496,34,56,0.7079227689022866,4.782237403928266,104
571448,"Arenado, Nolan",1213,-7.944253549092787,15,90,0.7001133670452154,7.41962077493817,105
543105,"Dickerson, Alex",571,-2.529827320286706,16,25,0.6933646411444121,4.378283712784588,106
519203,"Rizzo, Anthony",1124,4.134374182756439,43,82,0.6913506176784293,7.295373665480427,107
641313,"Anderson, Tim",848,-3.0238410170786807,18,44,0.6630022045207158,5.188679245283019,108
596019,"Lindor, Francisco",1034,-9.160876406423283,20,48,0.6437119727116007,4.642166344294004,109
669242,"Edman, Tommy",1331,5.714520698321592,46,88,0.6322178737924654,6.6115702479338845,110
641584,"Fraley, Jake",678,-11.388631293438316,19,34,0.5937359969843695,5.014749262536873,111
606132,"Tapia, Raimel",938,-0.7086128886612569,19,42,0.5932197132970806,4.477611940298507,112
455117,"Maldonado, Martin",1076,-8.894585423724994,21,65,0.5820221553884124,6.04089219330855,113
543228,"Gomes, Yan",632,-2.2752196316352378,12,52,0.5722837773123036,8.227848101265822,114
623520,"Bote, David",606,-4.7343035477475794,13,30,0.5691390677228241,4.9504950495049505,115
624431,"Trevino, Jose",530,-6.615192709286444,16,44,0.5652978122998163,8.30188679245283,116
663624,"Mountcastle, Ryan",970,-1.9049091935462361,17,68,0.5147061238277489,7.010309278350515,117
425877,"Molina, Yadier",670,-2.86093185216339,9,34,0.4567532924269342,5.074626865671641,118
660670,"Acuna, Ronald",785,-16.52744582996154,34,34,0.42320604497687914,4.3312101910828025,119
595281,"Kiermaier, Kevin",697,2.1937961286583887,16,44,0.3903114612773739,6.312769010043041,120
592626,"Pederson, Joc",1018,-4.357360027554546,19,49,0.38265508400629905,4.81335952848723,121
600869,"Candelario, Jeimer",1271,4.449993292996275,27,74,0.3646835706227895,5.822187254130606,122
668731,"Baddoo, Akil",968,-9.194574758038923,20,57,0.36098998673882077,5.8884297520661155,123
642727,"Alcantara, Sergio",582,-0.4969615313845487,7,34,0.3330782781647695,5.841924398625429,124
553993,"Suarez, Eugenio",1295,6.47336935543893,39,82,0.3270623675761237,6.332046332046332,125
545341,"Grichuk, Randal",893,-6.934310147323624,17,61,0.32669225170694116,6.83090705487122,126
571771,"Hernandez, Enrique",1290,-4.840002613220146,20,68,0.30978706572065634,5.271317829457364,127
543281,"Harrison, Josh",776,-0.5591784926684039,14,35,0.30910449130465734,4.510309278350515,128
656941,"Schwarber, Kyle",1234,-3.6389399258598467,33,76,0.2962793943401988,6.158833063209076,129
595978,"Hedges, Austin",520,-0.4550778541245917,5,29,0.2913784717070783,5.5769230769230775,130
607680,"Pillar, Kevin",590,-1.8966583129147965,10,33,0.2631757509142031,5.593220338983051,131
606466,"Marte, Ketel",723,2.955830146036007,24,56,0.25294302593470436,7.745504840940526,132
572122,"Seager, Kyle",1208,-3.8886460141766297,25,63,0.24963269459544338,5.21523178807947,133
596142,"Sanchez, Gary",982,5.068776718782347,17,75,0.23942512461034954,7.637474541751528,134
592885,"Yelich, Christian",1169,-2.674074889312873,19,74,0.23716839467480227,6.330196749358426,135
622110,"Duffy, Matt",695,-2.9092482462401117,10,35,0.2298001688681404,5.0359712230215825,136
646240,"Devers, Rafael",1184,-0.8939158960430714,28,65,0.2238070168999253,5.489864864864865,137
592178,"Bryant, Kris",1095,-4.490558326377394,19,85,0.22252576603219001,7.76255707762557,138
657041,"Thomas, Lane",645,5.909926282252762,14,55,0.19629914378085503,8.527131782945736,139
607732,"Stallings, Jacob",914,6.026472020126353,13,80,0.17976283795374165,8.752735229759299,140
546318,"Herrera, Odubel",918,-3.496609572725061,11,46,0.1778392541360533,5.010893246187364,141
596129,"Vogelbach, Dan",769,1.2208191849187173,19,45,0.16838254807402017,5.851755526657997,142
453568,"Blackmon, Charlie",1071,3.2932686739406845,31,47,0.16354665654526868,4.3884220354808585,143
446334,"Longoria, Evan",659,3.8524178103691864,22,35,0.15989661160788776,5.311077389984825,144
516770,"Castro, Starlin",665,-0.8601878572865809,17,51,0.15446984697122532,7.669172932330827,145
641432,"Calhoun, Willie",547,1.29186886823132,16,36,0.15014563714918538,6.581352833638025,146
543760,"Semien, Marcus",1529,-0.5161705932574422,18,101,0.14358688031289235,6.605624591236102,147
518934,"LeMahieu, DJ",1516,3.7414578597827366,18,91,0.14330230372077996,6.002638522427441,148
663647,"Hayes, Ke'Bryan",830,1.998084107212612,14,62,0.14104911918130555,7.46987951807229,149
571788,"Holt, Brock",571,-0.8099226157728598,12,44,0.13253401601539833,7.705779334500876,150
621035,"Taylor, Chris",1303,-8.9251953805469455,37,69,0.1271084967848879,5.295471987720644,151
501571,"Lagares, Juan",586,-1.4001105721517815,12,32,0.12253677149551147,5.460750853242321,152
656252,"Bradley, Bobby",537,3.8748331500779596,15,28,0.11467748259774772,5.21415270018622,153
640449,"Frazier, Clint",544,-2.893008690503349,17,38,0.10873727853427045,6.985294117647059,154
592696,"Rosario, Eddie",787,-3.3907208811161116,9,49,0.10758041850242467,6.226175349428209,155
641598,"Garver, Mitch",593,-0.36922566234959436,15,42,0.10378901168230967,7.082630691399664,156
570256,"Polanco, Gregory",752,2.6153805498935383,26,61,0.10350633716589469,8.111702127659575,157
621020,"Swanson, Dansby",1375,-2.944315160476475,27,89,0.09582412004244018,6.472727272727273,158
514917,"Hernandez, Cesar",1274,1.2916196275189094,36,69,0.08483205062383425,5.416012558869702,159
518792,"Heyward, Jason",687,1.0136424574344791,14,36,0.056422936149590895,5.240174672489083,160
642086,"Smith, Dominic",833,-0.2334522101334728,15,50,0.04881799512851258,6.002400960384153,161
570731,"Schoop, Jonathan",1165,8.83235399227233,19,86,0.04590454879243257,7.381974248927039,162
600474,"Severino, Pedro",828,0.509638763552866,18,47,0.045164381990828784,5.676328502415459,163
606992,"Haase, Eric",766,4.945233466743342,10,55,0.04068301331811233,7.180156657963447,164
641531,"Dozier, Hunter",1006,0.617781054903917,16,74,0.005891970856984003,7.3558648111332,165
608385,"Winker, Jesse",984,-0.5736007919333502,24,55,0.001461149828511278,5.589430894308943,166
578428,"Iglesias, José",796,3.1081512624842467,13,61,-0.005863221180621767,7.663316582914573,167
602074,"Daza, Yonathan",579,-4.880783054984776,10,38,-0.009198229274957991,6.563039723661486,168
668227,"Arozarena, Randy",1343,-4.3216756632334,31,102,-0.017895550562421834,7.59493670886076,169
666158,"Lux, Gavin",775,3.6260775084109724,16,56,-0.05082177298834968,7.225806451612904,170
572816,"Dickerson, Corey",657,-5.788583846561518,22,31,-0.0757936310407447,4.71841704718417,171
541645,"Garcia, Avisail",678,-0.8645846136997745,14,47,-0.10696674570365738,6.932153392330384,172
630105,"Cronenworth, Jake",1320,12.791194931771193,23,76,-0.1341708825312626,5.757575757575758,173
571718,"Goodwin, Brian",650,3.601977090555091,13,39,-0.137371537809719,6,174
647351,"Toro, Abraham",750,1.6664714116868768,12,45,-0.14125373522754883,6,175
543333,"Hosmer, Eric",1087,4.689998658921208,31,70,-0.15655638686765994,6.439742410303588,176
543543,"Miller, Brad",797,-0.8026319186258561,23,47,-0.1584000292178521,5.897114178168131,177
666969,"García, Adolis",1089,0.9271311939239919,23,67,-0.17224798134673394,6.152433425160698,178
572041,"Pollock, AJ",683,0.9173704815406787,10,38,-0.1992228267992051,5.563689604685212,179
641856,"McKinney, Billy",703,3.851538273690536,15,37,-0.23543802107645675,5.263157894736842,180
503556,"Gonzalez, Marwin",602,5.368588918772688,21,46,-0.24667285069804812,7.641196013289036,181
664034,"France, Ty",1110,-5.183387114180077,23,48,-0.2627683859409218,4.324324324324325,182
593160,"Merrifield, Whit",1229,1.7545018832548291,23,82,-0.2948017907872869,6.672091131000814,183
660271,"Ohtani, Shohei",1339,2.524729348561739,20,79,-0.33484970815709003,5.8999253174010455,184
621433,"Phillips, Brett",687,-3.6592874817363765,19,38,-0.3393510215620875,5.531295487627365,185
665487,"Tatis, Fernando",980,-1.173566560359833,15,68,-0.34263134707556775,6.938775510204081,186
657557,"DeJong, Paul",741,5.324375668262135,11,39,-0.3473993253173162,5.263157894736842,187
642708,"Rosario, Amed",1045,4.875632825245612,17,78,-0.3610477867870174,7.464114832535886,188
669257,"Smith, Will",1191,-1.0742192716945707,30,71,-0.37216173769317895,5.961376994122586,189
683734,"Vaughn, Andrew",926,5.408584654704472,10,58,-0.4132667335875709,6.263498920086392,190
676801,"McCormick, Chas",703,-3.7304941915024576,13,58,-0.4149742691335112,8.250355618776672,191
607043,"Nimmo, Brandon",855,-0.8762670387650958,16,50,-0.43314127209256714,5.847953216374268,192
405395,"Pujols, Albert",596,-0.02751005902674198,12,41,-0.4347890419866496,6.879194630872483,193
607208,"Turner, Trea",1277,10.431709623272674,19,103,-0.44453638713949856,8.065779169929522,194
623912,"Ramirez, Harold",566,4.026988550482253,7,33,-0.44942362578662026,5.830388692579505,195
607054,"Peterson, Jace",753,3.5456159364405497,13,39,-0.4629151826745056,5.179282868525896,196
642162,"Valaika, Pat",503,3.5614320725080693,8,40,-0.49043932618785596,7.952286282306163,197
624641,"Sosa, Edmundo",520,6.02584099416496,10,42,-0.49137425755827757,8.076923076923077,198
592518,"Machado, Manny",1086,1.1549696326838286,29,89,-0.5222922912431854,8.195211786372008,199
596748,"Franco, Maikel",675,4.203882186261587,12,48,-0.5644954817853307,7.111111111111111,200
664913,"Brown, Seth",626,2.5519234864434797,9,31,-0.5701259420011996,4.952076677316294,201
542364,"Ortega, Rafael",709,7.19453812396316,10,44,-0.5774785292967343,6.205923836389281,202
663656,"Tucker, Kyle",1078,7.4934309146858435,16,74,-0.5800020299982032,6.8645640074211505,203
642165,"VanMeter, Josh",765,0.19651922217185283,19,51,-0.5867995008280048,6.666666666666667,204
660294,"Tsutsugo, Yoshi",565,3.8065119491313815,6,36,-0.589763957633061,6.371681415929204,205
672284,"Kelenic, Jarred",728,2.7729106823576024,12,36,-0.5936804615511238,4.945054945054945,206
624428,"Frazier, Adam",1179,-2.1507892522970398,27,65,-0.609116552511616,5.51314673452078,207
622534,"Margot, Manuel",807,2.1837916371390067,16,56,-0.6139819097778086,6.939281288723668,208
595879,"Baez, Javier",829,3.866200965779373,11,44,-0.616389972412044,5.307599517490953,209
669256,"Solak, Nick",1051,9.457111371975913,19,88,-0.642711617041623,8.372978116079924,210
621438,"Taylor, Tyrone",504,6.604712025704449,9,37,-0.6552779640898194,7.341269841269842,211
458015,"Votto, Joey",1177,8.945010348578288,31,64,-0.6785300549306642,5.437553101104503,212
571976,"Myers, Wil",1023,5.478562565967037,27,70,-0.679671906547372,6.8426197458455515,213
591720,"Torreyes, Ronald",524,-2.712117690730244,11,42,-0.7353980949974958,8.015267175572518,214
657656,"Laureano, Ramon",736,6.484122949995728,13,45,-0.7378731870257702,6.114130434782608,215
493329,"Gurriel, Yuli",1358,3.8424479061234096,24,81,-0.7644269432442342,5.964653902798233,216
623993,"Santander, Anthony",832,0.982790271688534,17,59,-0.7673597972823833,7.091346153846153,217
593934,"Sano, Miguel",1132,12.276109248962241,30,72,-0.8035871964158702,6.36042402826855,218
664056,"Bader, Harrison",809,6.238080135725301,16,64,-0.8214265959208327,7.911001236093942,219
572233,"Walker, Christian",786,5.533928106254436,13,63,-0.8398269643657537,8.015267175572518,220
668942,"Rojas, Josh",1294,1.103568899304704,28,100,-0.8697355885090853,7.727975270479134,221
670032,"Lopez, Nicky",1120,13.532706694541362,32,88,-0.8810042397783735,7.857142857142857,222
598265,"Bradley, Jackie",826,11.220575939017237,23,50,-0.9046475039078923,6.053268765133172,223
444876,"Escobar, Alcides",622,8.572169875230383,9,39,-0.9219575559963706,6.270096463022508,224
408234,"Cabrera, Miguel",963,0.06435829326951914,15,55,-0.9619036016686263,5.711318795430945,225
592348,"Goodrum, Niko",656,8.194497543520573,15,50,-0.9627478327535698,7.621951219512195,226
641355,"Bellinger, Cody",730,6.189035247096531,21,38,-0.9796500754402546,5.205479452054795,227
621043,"Correa, Carlos",1583,3.596291156054339,24,108,-1.0045871018136538,6.82248894504106,228
605113,"Ahmed, Nick",839,4.504574242479561,16,73,-1.0065189340193073,8.700834326579262,229
462101,"Andrus, Elvis",1005,5.579994225805511,23,53,-1.0214145324826738,5.273631840796019,230
502671,"Goldschmidt, Paul",1487,-4.433753804239714,27,97,-1.030291571716633,6.52320107599193,231
592192,"Canha, Mark",1481,15.317333393274357,27,107,-1.0338045998241228,7.224848075624577,232
502110,"Martinez, J. D.",1098,4.174552283678649,26,57,-1.04218080593364,5.191256830601093,233
521692,"Perez, Salvador",897,1.6810629677696582,21,37,-1.0458105607157215,4.124860646599777,234
680777,"Jeffers, Ryan",606,6.437855359421392,12,52,-1.0552336305198833,8.58085808580858,235
666971,"Gurriel, Lourdes",969,8.056105459351041,23,60,-1.0747737104624713,6.191950464396285,236
608070,"Ramirez, Jose",1444,-3.608931985735442,31,92,-1.0808776352864065,6.3711911357340725,237
677551,"Franco, Wander",561,6.85632539365607,8,29,-1.0869430024219902,5.169340463458111,238
666915,"Dalbec, Bobby",870,0.7945982479274668,23,58,-1.0972997027749765,6.666666666666667,239
621028,"Newman, Kevin",1001,10.005378777553162,16,86,-1.1230054489036672,8.591408591408593,240
656976,"Smith, Pavin",1158,-0.5168965164111659,31,70,-1.1268150299851922,6.0449050086355784,241
593871,"Polanco, Jorge",1179,6.454996088010433,18,74,-1.1689468656521238,6.276505513146735,242
643446,"McNeil, Jeff",629,6.535592935824824,8,39,-1.2051861032446032,6.200317965023848,243
663886,"Stephenson, Tyler",887,5.103661280452218,20,64,-1.2166802438636415,7.215332581736189,244
663898,"Rodgers, Brendan",681,4.7312565739742976,12,44,-1.2201369478851447,6.4610866372980915,245
666185,"Carlson, Dylan",1323,7.6543991296730605,24,87,-1.2212377525835465,6.575963718820861,246
621453,"Duggar, Steven",660,8.38924060626162,7,46,-1.242485231090382,6.969696969696971,247
649557,"Díaz, Aledmys",511,8.8576801351948,8,44,-1.2462192187536105,8.610567514677104,248
571657,"Farmer, Kyle",915,12.702107922534044,22,72,-1.2838589491203227,7.868852459016394,249
571980,"Naquin, Tyler",765,5.535701955265754,16,32,-1.2930753474752534,4.183006535947712,250
456781,"Solano, Donovan",637,11.85289013206608,6,61,-1.3217849721944848,9.57613814756672,251
663616,"Larnach, Trevor",633,4.3554503990621765,20,55,-1.3435445416443128,8.688783570300158,252
518595,"d'Arnaud, Travis",527,9.51986142353852,13,35,-1.366753352674939,6.641366223908918,253
657077,"Verdugo, Alex",1312,16.178729367323736,37,68,-1.3953616691776367,5.182926829268292,254
663586,"Riley, Austin",1357,16.049305040041286,25,86,-1.4067349021066993,6.337509211495947,255
664774,"Wade, LaMonte",836,9.70413539798801,17,57,-1.4233552013245532,6.8181818181818175,256
596103,"Slater, Austin",623,11.937905269515857,7,51,-1.4429935629739319,8.186195826645266,257
606192,"Hernandez, Teoscar",1050,3.5501731163891797,18,57,-1.454968571682821,5.428571428571429,258
624415,"Biggio, Cavan",637,12.824843736285752,10,42,-1.4966971277402648,6.593406593406594,259
545358,"Stassi, Max",651,1.9099949949769195,18,44,-1.5404870724803985,6.7588325652841785,260
624424,"Conforto, Michael",1032,1.7471430704929365,25,68,-1.5596192437060432,6.5891472868217065,261
594807,"Duvall, Adam",1114,7.491091017218175,17,69,-1.5768562373710169,6.193895870736086,262
669720,"Hays, Austin",988,9.92222096265171,16,59,-1.5883318750741475,5.97165991902834,263
650489,"Castro, Willi",674,12.767166983134391,11,34,-1.6681031325499383,5.044510385756676,264
608324,"Bregman, Alex",1038,0.6621342983954772,12,71,-1.6703533596655338,6.840077071290944,265
516782,"Marte, Starling",907,14.855960767164653,20,61,-1.6754898625237147,6.725468577728775,266
673490,"Kim, Ha-Seong",629,6.262792619531123,16,39,-1.6875395339519792,6.200317965023848,267
572191,"Taylor, Michael",956,8.997635767216046,17,65,-1.7662182846641683,6.7991631799163175,268
605412,"Panik, Joe",552,9.606577709315905,10,47,-1.7739856026061713,8.51449275362319,269
665120,"Walsh, Jared",1079,3.98631551147612,26,56,-1.8095691358211181,5.189990732159407,270
642133,"Tellez, Rowdy",632,11.107488020643176,17,61,-1.8138378309830032,9.651898734177216,271
573131,"Ruf, Darin",818,16.288070030222215,20,66,-1.8461051723611248,8.06845965770171,272
640457,"Meadows, Austin",1193,16.11710783130725,21,76,-1.8565330263768254,6.3704945515507125,273
641680,"Heim, Jonah",550,13.084024597263388,6,39,-1.8721944275389597,7.090909090909091,274
620443,"Torrens, Luis",813,11.550302338070942,16,53,-1.922270273371565,6.519065190651907,275
592669,"Renfroe, Hunter",1182,14.356933366315658,17,80,-1.9393706661311365,6.768189509306261,276
666182,"Bichette, Bo",1044,4.006420082607601,29,62,-1.9430126993487054,5.938697318007663,277
444482,"Peralta, David",1040,9.839396499016978,26,71,-2.078292280772042,6.826923076923077,278
664238,"Moore, Dylan",922,9.62812593355857,19,55,-2.1089359750846954,5.965292841648591,279
664761,"Bohm, Alec",808,10.382263538257057,12,60,-2.1599610487492877,7.425742574257425,280
660162,"Moncada, Yoan",1456,17.398624781965925,23,82,-2.259121407178772,5.631868131868132,281
641658,"Hampson, Garrett",978,1.599823417799989,17,74,-2.272541712652338,7.566462167689162,282
527038,"Flores, Wilmer",905,19.797587891766355,11,73,-2.323434625201392,8.066298342541437,283
474832,"Belt, Brandon",785,-0.16443543892437648,18,57,-2.3335007792312834,7.261146496815287,284
641933,"O'Neill, Tyler",964,15.143972667579265,13,75,-2.369009176890841,7.780082987551867,285
669016,"Marsh, Brandon",563,11.618164905839022,8,31,-2.5319802117694388,5.506216696269982,286
594838,"Gosselin, Philip",735,22.20868579621329,12,74,-2.5724904538839195,10.068027210884352,287
593428,"Bogaerts, Xander",1377,15.448493894413755,29,87,-2.8223171124302002,6.318082788671024,288
643396,"Kiner-Falefa, Isiah",1226,23.567503490234767,24,94,-2.937763728621762,7.6672104404567705,289
488726,"Brantley, Michael",1122,23.776195591041137,16,74,-2.969850914503173,6.59536541889483,290
621550,"Wisdom, Patrick",776,13.717642970299414,17,53,-3.0736341976617885,6.829896907216495,291
621563,"Wendle, Joey",932,23.25540485516721,15,73,-3.1488557782068907,7.832618025751073,292
605548,"Zimmer, Bradley",711,15.26808750629836,17,52,-3.1521639197885567,7.313642756680731,293
664023,"Happ, Ian",1202,17.2737142561788,23,68,-3.235009212241755,5.657237936772046,294
542340,"Villar, Jonathan",936,14.55295765082073,15,51,-3.291723533099557,5.448717948717949,295
663757,"Grisham, Trent",1244,10.340583960162704,39,92,-3.374543943714044,7.395498392282958,296
670541,"Álvarez, Yordan",1447,8.050403727298841,30,106,-3.4837713793103435,7.325501036627505,297
665862,"Chisholm, Jazz",1037,22.718927287488462,23,83,-3.935995655296266,8.003857280617165,298
